firstName,middleNameOrInitial,lastName,emailAddress,password,confirmPassword
Ana,Maria,Popa,ana@mariaa.com,anamaria,anamaria
Ion,V,Pop,ion@pop.com,ionpop,ionpop
Mark,,Rusu,mark@rusu.com,markrusu,markrusu
Liam,,Dane,liam@dane.com,liamdane,liamdane